/* USE ucl_csfd; */ 

-- Země --
INSERT INTO ucl_csfd.country (country_id, country_code, country_name) VALUES (1, 0x4146, 'Afghanistan');
INSERT INTO ucl_csfd.country (country_id, country_code, country_name) VALUES (2, 0x414C, 'Albania');
INSERT INTO ucl_csfd.country (country_id, country_code, country_name) VALUES (3, 0x445A, 'Algeria');
INSERT INTO ucl_csfd.country (country_id, country_code, country_name) VALUES (4, 0x4453, 'American Samoa');
INSERT INTO ucl_csfd.country (country_id, country_code, country_name) VALUES (5, 0x4144, 'Andorra');
INSERT INTO ucl_csfd.country (country_id, country_code, country_name) VALUES (6, 0x414F, 'Angola');
INSERT INTO ucl_csfd.country (country_id, country_code, country_name) VALUES (7, 0x4149, 'Anguilla');
INSERT INTO ucl_csfd.country (country_id, country_code, country_name) VALUES (8, 0x4151, 'Antarctica');
INSERT INTO ucl_csfd.country (country_id, country_code, country_name) VALUES (9, 0x4147, 'Antigua and Barbuda');
INSERT INTO ucl_csfd.country (country_id, country_code, country_name) VALUES (10, 0x4152, 'Argentina');
INSERT INTO ucl_csfd.country (country_id, country_code, country_name) VALUES (11, 0x414D, 'Armenia');
INSERT INTO ucl_csfd.country (country_id, country_code, country_name) VALUES (12, 0x4157, 'Aruba');
INSERT INTO ucl_csfd.country (country_id, country_code, country_name) VALUES (13, 0x4155, 'Australia');
INSERT INTO ucl_csfd.country (country_id, country_code, country_name) VALUES (14, 0x4154, 'Austria');
INSERT INTO ucl_csfd.country (country_id, country_code, country_name) VALUES (15, 0x415A, 'Azerbaijan');
INSERT INTO ucl_csfd.country (country_id, country_code, country_name) VALUES (16, 0x4253, 'Bahamas');
INSERT INTO ucl_csfd.country (country_id, country_code, country_name) VALUES (17, 0x4248, 'Bahrain');
INSERT INTO ucl_csfd.country (country_id, country_code, country_name) VALUES (18, 0x4244, 'Bangladesh');
INSERT INTO ucl_csfd.country (country_id, country_code, country_name) VALUES (19, 0x4242, 'Barbados');
INSERT INTO ucl_csfd.country (country_id, country_code, country_name) VALUES (20, 0x4259, 'Belarus');
INSERT INTO ucl_csfd.country (country_id, country_code, country_name) VALUES (21, 0x4245, 'Belgium');
INSERT INTO ucl_csfd.country (country_id, country_code, country_name) VALUES (22, 0x425A, 'Belize');
INSERT INTO ucl_csfd.country (country_id, country_code, country_name) VALUES (23, 0x424A, 'Benin');
INSERT INTO ucl_csfd.country (country_id, country_code, country_name) VALUES (24, 0x424D, 'Bermuda');
INSERT INTO ucl_csfd.country (country_id, country_code, country_name) VALUES (25, 0x4254, 'Bhutan');
INSERT INTO ucl_csfd.country (country_id, country_code, country_name) VALUES (26, 0x424F, 'Bolivia');
INSERT INTO ucl_csfd.country (country_id, country_code, country_name) VALUES (27, 0x4241, 'Bosnia and Herzegovina');
INSERT INTO ucl_csfd.country (country_id, country_code, country_name) VALUES (28, 0x4257, 'Botswana');
INSERT INTO ucl_csfd.country (country_id, country_code, country_name) VALUES (29, 0x4256, 'Bouvet Island');
INSERT INTO ucl_csfd.country (country_id, country_code, country_name) VALUES (30, 0x4252, 'Brazil');
INSERT INTO ucl_csfd.country (country_id, country_code, country_name) VALUES (31, 0x494F, 'British Indian Ocean Territory');
INSERT INTO ucl_csfd.country (country_id, country_code, country_name) VALUES (32, 0x424E, 'Brunei Darussalam');
INSERT INTO ucl_csfd.country (country_id, country_code, country_name) VALUES (33, 0x4247, 'Bulgaria');
INSERT INTO ucl_csfd.country (country_id, country_code, country_name) VALUES (34, 0x4246, 'Burkina Faso');
INSERT INTO ucl_csfd.country (country_id, country_code, country_name) VALUES (35, 0x4249, 'Burundi');
INSERT INTO ucl_csfd.country (country_id, country_code, country_name) VALUES (36, 0x4B48, 'Cambodia');
INSERT INTO ucl_csfd.country (country_id, country_code, country_name) VALUES (37, 0x434D, 'Cameroon');
INSERT INTO ucl_csfd.country (country_id, country_code, country_name) VALUES (38, 0x4341, 'Canada');
INSERT INTO ucl_csfd.country (country_id, country_code, country_name) VALUES (39, 0x4356, 'Cape Verde');
INSERT INTO ucl_csfd.country (country_id, country_code, country_name) VALUES (40, 0x4B59, 'Cayman Islands');
INSERT INTO ucl_csfd.country (country_id, country_code, country_name) VALUES (41, 0x4346, 'Central African Republic');
INSERT INTO ucl_csfd.country (country_id, country_code, country_name) VALUES (42, 0x5444, 'Chad');
INSERT INTO ucl_csfd.country (country_id, country_code, country_name) VALUES (43, 0x434C, 'Chile');
INSERT INTO ucl_csfd.country (country_id, country_code, country_name) VALUES (44, 0x434E, 'China');
INSERT INTO ucl_csfd.country (country_id, country_code, country_name) VALUES (45, 0x4358, 'Christmas Island');
INSERT INTO ucl_csfd.country (country_id, country_code, country_name) VALUES (46, 0x4343, 'Cocos (Keeling) Islands');
INSERT INTO ucl_csfd.country (country_id, country_code, country_name) VALUES (47, 0x434F, 'Colombia');
INSERT INTO ucl_csfd.country (country_id, country_code, country_name) VALUES (48, 0x4B4D, 'Comoros');
INSERT INTO ucl_csfd.country (country_id, country_code, country_name) VALUES (49, 0x4347, 'Congo');
INSERT INTO ucl_csfd.country (country_id, country_code, country_name) VALUES (50, 0x434B, 'Cook Islands');
INSERT INTO ucl_csfd.country (country_id, country_code, country_name) VALUES (51, 0x4352, 'Costa Rica');
INSERT INTO ucl_csfd.country (country_id, country_code, country_name) VALUES (52, 0x4852, 'Croatia (Hrvatska)');
INSERT INTO ucl_csfd.country (country_id, country_code, country_name) VALUES (53, 0x4355, 'Cuba');
INSERT INTO ucl_csfd.country (country_id, country_code, country_name) VALUES (54, 0x4359, 'Cyprus');
INSERT INTO ucl_csfd.country (country_id, country_code, country_name) VALUES (55, 0x435A, 'Czech Republic');
INSERT INTO ucl_csfd.country (country_id, country_code, country_name) VALUES (56, 0x444B, 'Denmark');
INSERT INTO ucl_csfd.country (country_id, country_code, country_name) VALUES (57, 0x444A, 'Djibouti');
INSERT INTO ucl_csfd.country (country_id, country_code, country_name) VALUES (58, 0x444D, 'Dominica');
INSERT INTO ucl_csfd.country (country_id, country_code, country_name) VALUES (59, 0x444F, 'Dominican Republic');
INSERT INTO ucl_csfd.country (country_id, country_code, country_name) VALUES (60, 0x5450, 'East Timor');
INSERT INTO ucl_csfd.country (country_id, country_code, country_name) VALUES (61, 0x4543, 'Ecuador');
INSERT INTO ucl_csfd.country (country_id, country_code, country_name) VALUES (62, 0x4547, 'Egypt');
INSERT INTO ucl_csfd.country (country_id, country_code, country_name) VALUES (63, 0x5356, 'El Salvador');
INSERT INTO ucl_csfd.country (country_id, country_code, country_name) VALUES (64, 0x4751, 'Equatorial Guinea');
INSERT INTO ucl_csfd.country (country_id, country_code, country_name) VALUES (65, 0x4552, 'Eritrea');
INSERT INTO ucl_csfd.country (country_id, country_code, country_name) VALUES (66, 0x4545, 'Estonia');
INSERT INTO ucl_csfd.country (country_id, country_code, country_name) VALUES (67, 0x4554, 'Ethiopia');
INSERT INTO ucl_csfd.country (country_id, country_code, country_name) VALUES (68, 0x464B, 'Falkland Islands (Malvinas)');
INSERT INTO ucl_csfd.country (country_id, country_code, country_name) VALUES (69, 0x464F, 'Faroe Islands');
INSERT INTO ucl_csfd.country (country_id, country_code, country_name) VALUES (70, 0x464A, 'Fiji');
INSERT INTO ucl_csfd.country (country_id, country_code, country_name) VALUES (71, 0x4649, 'Finland');
INSERT INTO ucl_csfd.country (country_id, country_code, country_name) VALUES (72, 0x4652, 'France');
INSERT INTO ucl_csfd.country (country_id, country_code, country_name) VALUES (73, 0x4658, 'France, Metropolitan');
INSERT INTO ucl_csfd.country (country_id, country_code, country_name) VALUES (74, 0x4746, 'French Guiana');
INSERT INTO ucl_csfd.country (country_id, country_code, country_name) VALUES (75, 0x5046, 'French Polynesia');
INSERT INTO ucl_csfd.country (country_id, country_code, country_name) VALUES (76, 0x5446, 'French Southern Territories');
INSERT INTO ucl_csfd.country (country_id, country_code, country_name) VALUES (77, 0x4741, 'Gabon');
INSERT INTO ucl_csfd.country (country_id, country_code, country_name) VALUES (78, 0x474D, 'Gambia');
INSERT INTO ucl_csfd.country (country_id, country_code, country_name) VALUES (79, 0x4745, 'Georgia');
INSERT INTO ucl_csfd.country (country_id, country_code, country_name) VALUES (80, 0x4445, 'Germany');
INSERT INTO ucl_csfd.country (country_id, country_code, country_name) VALUES (81, 0x4748, 'Ghana');
INSERT INTO ucl_csfd.country (country_id, country_code, country_name) VALUES (82, 0x4749, 'Gibraltar');
INSERT INTO ucl_csfd.country (country_id, country_code, country_name) VALUES (83, 0x474B, 'Guernsey');
INSERT INTO ucl_csfd.country (country_id, country_code, country_name) VALUES (84, 0x4752, 'Greece');
INSERT INTO ucl_csfd.country (country_id, country_code, country_name) VALUES (85, 0x474C, 'Greenland');
INSERT INTO ucl_csfd.country (country_id, country_code, country_name) VALUES (86, 0x4744, 'Grenada');
INSERT INTO ucl_csfd.country (country_id, country_code, country_name) VALUES (87, 0x4750, 'Guadeloupe');
INSERT INTO ucl_csfd.country (country_id, country_code, country_name) VALUES (88, 0x4755, 'Guam');
INSERT INTO ucl_csfd.country (country_id, country_code, country_name) VALUES (89, 0x4754, 'Guatemala');
INSERT INTO ucl_csfd.country (country_id, country_code, country_name) VALUES (90, 0x474E, 'Guinea');
INSERT INTO ucl_csfd.country (country_id, country_code, country_name) VALUES (91, 0x4757, 'Guinea-Bissau');
INSERT INTO ucl_csfd.country (country_id, country_code, country_name) VALUES (92, 0x4759, 'Guyana');
INSERT INTO ucl_csfd.country (country_id, country_code, country_name) VALUES (93, 0x4854, 'Haiti');
INSERT INTO ucl_csfd.country (country_id, country_code, country_name) VALUES (94, 0x484D, 'Heard and Mc Donald Islands');
INSERT INTO ucl_csfd.country (country_id, country_code, country_name) VALUES (95, 0x484E, 'Honduras');
INSERT INTO ucl_csfd.country (country_id, country_code, country_name) VALUES (96, 0x484B, 'Hong Kong');
INSERT INTO ucl_csfd.country (country_id, country_code, country_name) VALUES (97, 0x4855, 'Hungary');
INSERT INTO ucl_csfd.country (country_id, country_code, country_name) VALUES (98, 0x4953, 'Iceland');
INSERT INTO ucl_csfd.country (country_id, country_code, country_name) VALUES (99, 0x494E, 'India');
INSERT INTO ucl_csfd.country (country_id, country_code, country_name) VALUES (100, 0x494D, 'Isle of Man');
INSERT INTO ucl_csfd.country (country_id, country_code, country_name) VALUES (101, 0x4944, 'Indonesia');
INSERT INTO ucl_csfd.country (country_id, country_code, country_name) VALUES (102, 0x4952, 'Iran (Islamic Republic of)');
INSERT INTO ucl_csfd.country (country_id, country_code, country_name) VALUES (103, 0x4951, 'Iraq');
INSERT INTO ucl_csfd.country (country_id, country_code, country_name) VALUES (104, 0x4945, 'Ireland');
INSERT INTO ucl_csfd.country (country_id, country_code, country_name) VALUES (105, 0x494C, 'Israel');
INSERT INTO ucl_csfd.country (country_id, country_code, country_name) VALUES (106, 0x4954, 'Italy');
INSERT INTO ucl_csfd.country (country_id, country_code, country_name) VALUES (107, 0x4349, 'Ivory Coast');
INSERT INTO ucl_csfd.country (country_id, country_code, country_name) VALUES (108, 0x4A45, 'Jersey');
INSERT INTO ucl_csfd.country (country_id, country_code, country_name) VALUES (109, 0x4A4D, 'Jamaica');
INSERT INTO ucl_csfd.country (country_id, country_code, country_name) VALUES (110, 0x4A50, 'Japan');
INSERT INTO ucl_csfd.country (country_id, country_code, country_name) VALUES (111, 0x4A4F, 'Jordan');
INSERT INTO ucl_csfd.country (country_id, country_code, country_name) VALUES (112, 0x4B5A, 'Kazakhstan');
INSERT INTO ucl_csfd.country (country_id, country_code, country_name) VALUES (113, 0x4B45, 'Kenya');
INSERT INTO ucl_csfd.country (country_id, country_code, country_name) VALUES (114, 0x4B49, 'Kiribati');
INSERT INTO ucl_csfd.country (country_id, country_code, country_name) VALUES (115, 0x4B50, 'Korea, Democratic People''s Republic of');
INSERT INTO ucl_csfd.country (country_id, country_code, country_name) VALUES (116, 0x4B52, 'Korea, Republic of');
INSERT INTO ucl_csfd.country (country_id, country_code, country_name) VALUES (117, 0x584B, 'Kosovo');
INSERT INTO ucl_csfd.country (country_id, country_code, country_name) VALUES (118, 0x4B57, 'Kuwait');
INSERT INTO ucl_csfd.country (country_id, country_code, country_name) VALUES (119, 0x4B47, 'Kyrgyzstan');
INSERT INTO ucl_csfd.country (country_id, country_code, country_name) VALUES (120, 0x4C41, 'Lao People''s Democratic Republic');
INSERT INTO ucl_csfd.country (country_id, country_code, country_name) VALUES (121, 0x4C56, 'Latvia');
INSERT INTO ucl_csfd.country (country_id, country_code, country_name) VALUES (122, 0x4C42, 'Lebanon');
INSERT INTO ucl_csfd.country (country_id, country_code, country_name) VALUES (123, 0x4C53, 'Lesotho');
INSERT INTO ucl_csfd.country (country_id, country_code, country_name) VALUES (124, 0x4C52, 'Liberia');
INSERT INTO ucl_csfd.country (country_id, country_code, country_name) VALUES (125, 0x4C59, 'Libyan Arab Jamahiriya');
INSERT INTO ucl_csfd.country (country_id, country_code, country_name) VALUES (126, 0x4C49, 'Liechtenstein');
INSERT INTO ucl_csfd.country (country_id, country_code, country_name) VALUES (127, 0x4C54, 'Lithuania');
INSERT INTO ucl_csfd.country (country_id, country_code, country_name) VALUES (128, 0x4C55, 'Luxembourg');
INSERT INTO ucl_csfd.country (country_id, country_code, country_name) VALUES (129, 0x4D4F, 'Macau');
INSERT INTO ucl_csfd.country (country_id, country_code, country_name) VALUES (130, 0x4D4B, 'Macedonia');
INSERT INTO ucl_csfd.country (country_id, country_code, country_name) VALUES (131, 0x4D47, 'Madagascar');
INSERT INTO ucl_csfd.country (country_id, country_code, country_name) VALUES (132, 0x4D57, 'Malawi');
INSERT INTO ucl_csfd.country (country_id, country_code, country_name) VALUES (133, 0x4D59, 'Malaysia');
INSERT INTO ucl_csfd.country (country_id, country_code, country_name) VALUES (134, 0x4D56, 'Maldives');
INSERT INTO ucl_csfd.country (country_id, country_code, country_name) VALUES (135, 0x4D4C, 'Mali');
INSERT INTO ucl_csfd.country (country_id, country_code, country_name) VALUES (136, 0x4D54, 'Malta');
INSERT INTO ucl_csfd.country (country_id, country_code, country_name) VALUES (137, 0x4D48, 'Marshall Islands');
INSERT INTO ucl_csfd.country (country_id, country_code, country_name) VALUES (138, 0x4D51, 'Martinique');
INSERT INTO ucl_csfd.country (country_id, country_code, country_name) VALUES (139, 0x4D52, 'Mauritania');
INSERT INTO ucl_csfd.country (country_id, country_code, country_name) VALUES (140, 0x4D55, 'Mauritius');
INSERT INTO ucl_csfd.country (country_id, country_code, country_name) VALUES (141, 0x5459, 'Mayotte');
INSERT INTO ucl_csfd.country (country_id, country_code, country_name) VALUES (142, 0x4D58, 'Mexico');
INSERT INTO ucl_csfd.country (country_id, country_code, country_name) VALUES (143, 0x464D, 'Micronesia, Federated States of');
INSERT INTO ucl_csfd.country (country_id, country_code, country_name) VALUES (144, 0x4D44, 'Moldova, Republic of');
INSERT INTO ucl_csfd.country (country_id, country_code, country_name) VALUES (145, 0x4D43, 'Monaco');
INSERT INTO ucl_csfd.country (country_id, country_code, country_name) VALUES (146, 0x4D4E, 'Mongolia');
INSERT INTO ucl_csfd.country (country_id, country_code, country_name) VALUES (147, 0x4D45, 'Montenegro');
INSERT INTO ucl_csfd.country (country_id, country_code, country_name) VALUES (148, 0x4D53, 'Montserrat');
INSERT INTO ucl_csfd.country (country_id, country_code, country_name) VALUES (149, 0x4D41, 'Morocco');
INSERT INTO ucl_csfd.country (country_id, country_code, country_name) VALUES (150, 0x4D5A, 'Mozambique');
INSERT INTO ucl_csfd.country (country_id, country_code, country_name) VALUES (151, 0x4D4D, 'Myanmar');
INSERT INTO ucl_csfd.country (country_id, country_code, country_name) VALUES (152, 0x4E41, 'Namibia');
INSERT INTO ucl_csfd.country (country_id, country_code, country_name) VALUES (153, 0x4E52, 'Nauru');
INSERT INTO ucl_csfd.country (country_id, country_code, country_name) VALUES (154, 0x4E50, 'Nepal');
INSERT INTO ucl_csfd.country (country_id, country_code, country_name) VALUES (155, 0x4E4C, 'Netherlands');
INSERT INTO ucl_csfd.country (country_id, country_code, country_name) VALUES (156, 0x414E, 'Netherlands Antilles');
INSERT INTO ucl_csfd.country (country_id, country_code, country_name) VALUES (157, 0x4E43, 'New Caledonia');
INSERT INTO ucl_csfd.country (country_id, country_code, country_name) VALUES (158, 0x4E5A, 'New Zealand');
INSERT INTO ucl_csfd.country (country_id, country_code, country_name) VALUES (159, 0x4E49, 'Nicaragua');
INSERT INTO ucl_csfd.country (country_id, country_code, country_name) VALUES (160, 0x4E45, 'Niger');
INSERT INTO ucl_csfd.country (country_id, country_code, country_name) VALUES (161, 0x4E47, 'Nigeria');
INSERT INTO ucl_csfd.country (country_id, country_code, country_name) VALUES (162, 0x4E55, 'Niue');
INSERT INTO ucl_csfd.country (country_id, country_code, country_name) VALUES (163, 0x4E46, 'Norfolk Island');
INSERT INTO ucl_csfd.country (country_id, country_code, country_name) VALUES (164, 0x4D50, 'Northern Mariana Islands');
INSERT INTO ucl_csfd.country (country_id, country_code, country_name) VALUES (165, 0x4E4F, 'Norway');
INSERT INTO ucl_csfd.country (country_id, country_code, country_name) VALUES (166, 0x4F4D, 'Oman');
INSERT INTO ucl_csfd.country (country_id, country_code, country_name) VALUES (167, 0x504B, 'Pakistan');
INSERT INTO ucl_csfd.country (country_id, country_code, country_name) VALUES (168, 0x5057, 'Palau');
INSERT INTO ucl_csfd.country (country_id, country_code, country_name) VALUES (169, 0x5053, 'Palestine');
INSERT INTO ucl_csfd.country (country_id, country_code, country_name) VALUES (170, 0x5041, 'Panama');
INSERT INTO ucl_csfd.country (country_id, country_code, country_name) VALUES (171, 0x5047, 'Papua New Guinea');
INSERT INTO ucl_csfd.country (country_id, country_code, country_name) VALUES (172, 0x5059, 'Paraguay');
INSERT INTO ucl_csfd.country (country_id, country_code, country_name) VALUES (173, 0x5045, 'Peru');
INSERT INTO ucl_csfd.country (country_id, country_code, country_name) VALUES (174, 0x5048, 'Philippines');
INSERT INTO ucl_csfd.country (country_id, country_code, country_name) VALUES (175, 0x504E, 'Pitcairn');
INSERT INTO ucl_csfd.country (country_id, country_code, country_name) VALUES (176, 0x504C, 'Poland');
INSERT INTO ucl_csfd.country (country_id, country_code, country_name) VALUES (177, 0x5054, 'Portugal');
INSERT INTO ucl_csfd.country (country_id, country_code, country_name) VALUES (178, 0x5052, 'Puerto Rico');
INSERT INTO ucl_csfd.country (country_id, country_code, country_name) VALUES (179, 0x5141, 'Qatar');
INSERT INTO ucl_csfd.country (country_id, country_code, country_name) VALUES (180, 0x5245, 'Reunion');
INSERT INTO ucl_csfd.country (country_id, country_code, country_name) VALUES (181, 0x524F, 'Romania');
INSERT INTO ucl_csfd.country (country_id, country_code, country_name) VALUES (182, 0x5255, 'Russian Federation');
INSERT INTO ucl_csfd.country (country_id, country_code, country_name) VALUES (183, 0x5257, 'Rwanda');
INSERT INTO ucl_csfd.country (country_id, country_code, country_name) VALUES (184, 0x4B4E, 'Saint Kitts and Nevis');
INSERT INTO ucl_csfd.country (country_id, country_code, country_name) VALUES (185, 0x4C43, 'Saint Lucia');
INSERT INTO ucl_csfd.country (country_id, country_code, country_name) VALUES (186, 0x5643, 'Saint Vincent and the Grenadines');
INSERT INTO ucl_csfd.country (country_id, country_code, country_name) VALUES (187, 0x5753, 'Samoa');
INSERT INTO ucl_csfd.country (country_id, country_code, country_name) VALUES (188, 0x534D, 'San Marino');
INSERT INTO ucl_csfd.country (country_id, country_code, country_name) VALUES (189, 0x5354, 'Sao Tome and Principe');
INSERT INTO ucl_csfd.country (country_id, country_code, country_name) VALUES (190, 0x5341, 'Saudi Arabia');
INSERT INTO ucl_csfd.country (country_id, country_code, country_name) VALUES (191, 0x534E, 'Senegal');
INSERT INTO ucl_csfd.country (country_id, country_code, country_name) VALUES (192, 0x5253, 'Serbia');
INSERT INTO ucl_csfd.country (country_id, country_code, country_name) VALUES (193, 0x5343, 'Seychelles');
INSERT INTO ucl_csfd.country (country_id, country_code, country_name) VALUES (194, 0x534C, 'Sierra Leone');
INSERT INTO ucl_csfd.country (country_id, country_code, country_name) VALUES (195, 0x5347, 'Singapore');
INSERT INTO ucl_csfd.country (country_id, country_code, country_name) VALUES (196, 0x534B, 'Slovakia');
INSERT INTO ucl_csfd.country (country_id, country_code, country_name) VALUES (197, 0x5349, 'Slovenia');
INSERT INTO ucl_csfd.country (country_id, country_code, country_name) VALUES (198, 0x5342, 'Solomon Islands');
INSERT INTO ucl_csfd.country (country_id, country_code, country_name) VALUES (199, 0x534F, 'Somalia');
INSERT INTO ucl_csfd.country (country_id, country_code, country_name) VALUES (200, 0x5A41, 'South Africa');
INSERT INTO ucl_csfd.country (country_id, country_code, country_name) VALUES (201, 0x4753, 'South Georgia South Sandwich Islands');
INSERT INTO ucl_csfd.country (country_id, country_code, country_name) VALUES (202, 0x5353, 'South Sudan');
INSERT INTO ucl_csfd.country (country_id, country_code, country_name) VALUES (203, 0x4553, 'Spain');
INSERT INTO ucl_csfd.country (country_id, country_code, country_name) VALUES (204, 0x4C4B, 'Sri Lanka');
INSERT INTO ucl_csfd.country (country_id, country_code, country_name) VALUES (205, 0x5348, 'St. Helena');
INSERT INTO ucl_csfd.country (country_id, country_code, country_name) VALUES (206, 0x504D, 'St. Pierre and Miquelon');
INSERT INTO ucl_csfd.country (country_id, country_code, country_name) VALUES (207, 0x5344, 'Sudan');
INSERT INTO ucl_csfd.country (country_id, country_code, country_name) VALUES (208, 0x5352, 'Suriname');
INSERT INTO ucl_csfd.country (country_id, country_code, country_name) VALUES (209, 0x534A, 'Svalbard and Jan Mayen Islands');
INSERT INTO ucl_csfd.country (country_id, country_code, country_name) VALUES (210, 0x535A, 'Swaziland');
INSERT INTO ucl_csfd.country (country_id, country_code, country_name) VALUES (211, 0x5345, 'Sweden');
INSERT INTO ucl_csfd.country (country_id, country_code, country_name) VALUES (212, 0x4348, 'Switzerland');
INSERT INTO ucl_csfd.country (country_id, country_code, country_name) VALUES (213, 0x5359, 'Syrian Arab Republic');
INSERT INTO ucl_csfd.country (country_id, country_code, country_name) VALUES (214, 0x5457, 'Taiwan');
INSERT INTO ucl_csfd.country (country_id, country_code, country_name) VALUES (215, 0x544A, 'Tajikistan');
INSERT INTO ucl_csfd.country (country_id, country_code, country_name) VALUES (216, 0x545A, 'Tanzania, United Republic of');
INSERT INTO ucl_csfd.country (country_id, country_code, country_name) VALUES (217, 0x5448, 'Thailand');
INSERT INTO ucl_csfd.country (country_id, country_code, country_name) VALUES (218, 0x5447, 'Togo');
INSERT INTO ucl_csfd.country (country_id, country_code, country_name) VALUES (219, 0x544B, 'Tokelau');
INSERT INTO ucl_csfd.country (country_id, country_code, country_name) VALUES (220, 0x544F, 'Tonga');
INSERT INTO ucl_csfd.country (country_id, country_code, country_name) VALUES (221, 0x5454, 'Trinidad and Tobago');
INSERT INTO ucl_csfd.country (country_id, country_code, country_name) VALUES (222, 0x544E, 'Tunisia');
INSERT INTO ucl_csfd.country (country_id, country_code, country_name) VALUES (223, 0x5452, 'Turkey');
INSERT INTO ucl_csfd.country (country_id, country_code, country_name) VALUES (224, 0x544D, 'Turkmenistan');
INSERT INTO ucl_csfd.country (country_id, country_code, country_name) VALUES (225, 0x5443, 'Turks and Caicos Islands');
INSERT INTO ucl_csfd.country (country_id, country_code, country_name) VALUES (226, 0x5456, 'Tuvalu');
INSERT INTO ucl_csfd.country (country_id, country_code, country_name) VALUES (227, 0x5547, 'Uganda');
INSERT INTO ucl_csfd.country (country_id, country_code, country_name) VALUES (228, 0x5541, 'Ukraine');
INSERT INTO ucl_csfd.country (country_id, country_code, country_name) VALUES (229, 0x4145, 'United Arab Emirates');
INSERT INTO ucl_csfd.country (country_id, country_code, country_name) VALUES (230, 0x4742, 'United Kingdom');
INSERT INTO ucl_csfd.country (country_id, country_code, country_name) VALUES (231, 0x5553, 'United States');
INSERT INTO ucl_csfd.country (country_id, country_code, country_name) VALUES (232, 0x554D, 'United States minor outlying islands');
INSERT INTO ucl_csfd.country (country_id, country_code, country_name) VALUES (233, 0x5559, 'Uruguay');
INSERT INTO ucl_csfd.country (country_id, country_code, country_name) VALUES (234, 0x555A, 'Uzbekistan');
INSERT INTO ucl_csfd.country (country_id, country_code, country_name) VALUES (235, 0x5655, 'Vanuatu');
INSERT INTO ucl_csfd.country (country_id, country_code, country_name) VALUES (236, 0x5641, 'Vatican City State');
INSERT INTO ucl_csfd.country (country_id, country_code, country_name) VALUES (237, 0x5645, 'Venezuela');
INSERT INTO ucl_csfd.country (country_id, country_code, country_name) VALUES (238, 0x564E, 'Vietnam');
INSERT INTO ucl_csfd.country (country_id, country_code, country_name) VALUES (239, 0x5647, 'Virgin Islands (British)');
INSERT INTO ucl_csfd.country (country_id, country_code, country_name) VALUES (240, 0x5649, 'Virgin Islands (U.S.)');
INSERT INTO ucl_csfd.country (country_id, country_code, country_name) VALUES (241, 0x5746, 'Wallis and Futuna Islands');
INSERT INTO ucl_csfd.country (country_id, country_code, country_name) VALUES (242, 0x4548, 'Western Sahara');
INSERT INTO ucl_csfd.country (country_id, country_code, country_name) VALUES (243, 0x5945, 'Yemen');
INSERT INTO ucl_csfd.country (country_id, country_code, country_name) VALUES (244, 0x5A52, 'Zaire');
INSERT INTO ucl_csfd.country (country_id, country_code, country_name) VALUES (245, 0x5A4D, 'Zambia');
INSERT INTO ucl_csfd.country (country_id, country_code, country_name) VALUES (246, 0x5A57, 'Zimbabwe');

-- Typ spolupráce --
INSERT INTO ucl_csfd.collaboration_type (collaboration_type_id, descriptive_name) VALUES (1, 'Actor');
INSERT INTO ucl_csfd.collaboration_type (collaboration_type_id, descriptive_name) VALUES (2, 'Director');
INSERT INTO ucl_csfd.collaboration_type (collaboration_type_id, descriptive_name) VALUES (3, 'Writer');
INSERT INTO ucl_csfd.collaboration_type (collaboration_type_id, descriptive_name) VALUES (4, 'Camera');

-- Uživatelé --
INSERT INTO ucl_csfd.user (user_id, username, email, password) VALUES (1, 'karel.novy', 'karel@novy.cz', '');
INSERT INTO ucl_csfd.user (user_id, username, email, password) VALUES (2, 'josef.stary', 'josef@stary.cz', '');
INSERT INTO ucl_csfd.user (user_id, username, email, password) VALUES (3, 'honza', 'honza@gmail.com', '');
INSERT INTO ucl_csfd.user (user_id, username, email, password) VALUES (4, 'david', 'david@gmail.com', '');
INSERT INTO ucl_csfd.user (user_id, username, email, password) VALUES (5, 'tomas', 'tomas@gmail.com', '');
INSERT INTO ucl_csfd.user (user_id, username, email, password) VALUES (6, 'sebastian', 'seb@seznam.cz', '');

-- Filmy --
INSERT INTO ucl_csfd.film (film_id, name, country_id) VALUES (1, 'The Shawshank Redemption', 231);
INSERT INTO ucl_csfd.film (film_id, name, country_id) VALUES (2, 'The Godfather', 231);
INSERT INTO ucl_csfd.film (film_id, name, country_id) VALUES (3, 'The Godfather: Part 2', 231);
INSERT INTO ucl_csfd.film (film_id, name, country_id) VALUES (4, 'The Dark Night', 231);
INSERT INTO ucl_csfd.film (film_id, name, country_id) VALUES (5, '12 Angry Men', 231);
INSERT INTO ucl_csfd.film (film_id, name, country_id) VALUES (6, 'Avengers: Endgame', 231);
INSERT INTO ucl_csfd.film (film_id, name, country_id) VALUES (7, 'The Lord of the Rings: The Return of the King', 231);
INSERT INTO ucl_csfd.film (film_id, name, country_id) VALUES (8, 'Forrest Gump', 231);
INSERT INTO ucl_csfd.film (film_id, name, country_id) VALUES (9, 'Pyšná princezná', 55);
INSERT INTO ucl_csfd.film (film_id, name, country_id) VALUES (10, 'S čerty nejsou žerty', 55);
INSERT INTO ucl_csfd.film (film_id, name, country_id) VALUES (11, 'Tři bratři', 55);
INSERT INTO ucl_csfd.film (film_id, name, country_id) VALUES (12, 'Tři bratři', 106);

-- Hodnocení --
INSERT INTO ucl_csfd.user_film_raiting (user_id, film_id, raiting) VALUES (1, 1, 100);
INSERT INTO ucl_csfd.user_film_raiting (user_id, film_id, raiting) VALUES (1, 2, 100);
INSERT INTO ucl_csfd.user_film_raiting (user_id, film_id, raiting) VALUES (1, 3, 100);
INSERT INTO ucl_csfd.user_film_raiting (user_id, film_id, raiting) VALUES (1, 4, 100);
INSERT INTO ucl_csfd.user_film_raiting (user_id, film_id, raiting) VALUES (2, 2, 100);
INSERT INTO ucl_csfd.user_film_raiting (user_id, film_id, raiting) VALUES (2, 3, 0);
INSERT INTO ucl_csfd.user_film_raiting (user_id, film_id, raiting) VALUES (3, 2, 0);

-- Účastníci produkce filmu --
INSERT INTO ucl_csfd.film_collaborator (film_collaborator_id, first_name, last_name, date_of_birth, date_of_death, birth_country_id, death_country_id) VALUES (1, 'Anthony', 'Russo', '1970-02-03', null, 231, null);
INSERT INTO ucl_csfd.film_collaborator (film_collaborator_id, first_name, last_name, date_of_birth, date_of_death, birth_country_id, death_country_id) VALUES (2, 'Joe', 'Russo', '1970-07-08', null, 231, null);
INSERT INTO ucl_csfd.film_collaborator (film_collaborator_id, first_name, last_name, date_of_birth, date_of_death, birth_country_id, death_country_id) VALUES (3, 'Robert', 'Downey Jr.', '1965-04-04', null, 231, null);
INSERT INTO ucl_csfd.film_collaborator (film_collaborator_id, first_name, last_name, date_of_birth, date_of_death, birth_country_id, death_country_id) VALUES (4, 'Stan', 'Lee', '1922-12-28', '2018-11-12', 231, 231);
INSERT INTO ucl_csfd.film_collaborator (film_collaborator_id, first_name, last_name, date_of_birth, date_of_death, birth_country_id, death_country_id) VALUES (5, 'Chris', 'Evans', '1981-06-13', null, 231, null);
INSERT INTO ucl_csfd.film_collaborator (film_collaborator_id, first_name, last_name, date_of_birth, date_of_death, birth_country_id, death_country_id) VALUES (6, 'Chris', 'Hemsworth', '1983-08-11', null, 14, null);
INSERT INTO ucl_csfd.film_collaborator (film_collaborator_id, first_name, last_name, date_of_birth, date_of_death, birth_country_id, death_country_id) VALUES (7, 'Benedict', 'Cumberbatch', '1976-07-19', null, 230, null);
INSERT INTO ucl_csfd.film_collaborator (film_collaborator_id, first_name, last_name, date_of_birth, date_of_death, birth_country_id, death_country_id) VALUES (8, 'Zdeněk', 'Svěrák', '1936-03-28', null, 55, null);
INSERT INTO ucl_csfd.film_collaborator (film_collaborator_id, first_name, last_name, date_of_birth, date_of_death, birth_country_id, death_country_id) VALUES (9, 'Tomáš', 'Klus', '1986-05-15', null, 55, null);

-- Účastníci produkce filmu -> Film --
INSERT INTO ucl_csfd.film_film_collaborator (film_id, film_collaborator_id, collaboration_type_id) VALUES (6, 1, 2);
INSERT INTO ucl_csfd.film_film_collaborator (film_id, film_collaborator_id, collaboration_type_id) VALUES (6, 2, 2);
INSERT INTO ucl_csfd.film_film_collaborator (film_id, film_collaborator_id, collaboration_type_id) VALUES (6, 3, 1);
INSERT INTO ucl_csfd.film_film_collaborator (film_id, film_collaborator_id, collaboration_type_id) VALUES (6, 4, 3);
INSERT INTO ucl_csfd.film_film_collaborator (film_id, film_collaborator_id, collaboration_type_id) VALUES (6, 5, 1);
INSERT INTO ucl_csfd.film_film_collaborator (film_id, film_collaborator_id, collaboration_type_id) VALUES (6, 6, 1);
INSERT INTO ucl_csfd.film_film_collaborator (film_id, film_collaborator_id, collaboration_type_id) VALUES (6, 7, 1);
INSERT INTO ucl_csfd.film_film_collaborator (film_id, film_collaborator_id, collaboration_type_id) VALUES (11, 8, 1);
INSERT INTO ucl_csfd.film_film_collaborator (film_id, film_collaborator_id, collaboration_type_id) VALUES (11, 8, 2);
INSERT INTO ucl_csfd.film_film_collaborator (film_id, film_collaborator_id, collaboration_type_id) VALUES (11, 8, 3);
INSERT INTO ucl_csfd.film_film_collaborator (film_id, film_collaborator_id, collaboration_type_id) VALUES (11, 9, 1);